scope_section,requirement_id,description,phase,db_objects,service_or_action,controller_or_endpoint,policy_and_permission,frontend_route_and_component,queue_or_scheduler,audit_event,automated_tests,manual_verification,status,evidence
"§17/§9.1","SRV-AUTH-001","Magic Link request (uniform 202, no enumeration, hashed token, 15-min expiry)","5","magic_login_tokens","MagicLinkTokenService::issue;RequestMagicLink","POST api/v1/auth/magic-link","public;ThrottleRequests:magic-link-request","/auth/login Login.vue","mail queue","magic_link_requested","MagicLinkRequestTest;NoAccountEnumerationTest","Mailpit delivery (proof phase-5)","implemented","docs/verification/evidence/security-results.md#5"
"§17/§9.1","SRV-AUTH-002","Magic Link verify (atomic single-use consume, session id regen, uniform 422)","5","magic_login_tokens;sessions","MagicLinkTokenService::consume;ConsumeMagicLink","POST api/v1/auth/magic-link/verify","public;ThrottleRequests:magic-link-verify","/auth/verify Verify.vue","-","magic_link_consumed","MagicLinkConsumeTest;ReusedMagicLinkTest;ExpiredMagicLinkTest","-","implemented","docs/verification/evidence/security-results.md#5"
"§2.3","SRV-AUTH-003","Seven-check login eligibility (membership/role/branch/status)","5-7","merchant_users;branch_user_assignments","LoginEligibilityService","(login pipeline)","membership+role+branch checks","-","-","login_denied","LoginEligibilityMerchantMembershipTest;BranchAssignmentEligibilityTest;InactiveMerchantUserCannotLoginTest","-","implemented","docs/verification/evidence/security-results.md#6"
"§9.2","SRV-AUTH-004","60-min idle timeout on authenticated requests","5","sessions","EnforceIdleTimeout","(all auth routes)","auth:sanctum","-","-","-","SessionLifecycleTest","-","implemented","docs/verification/evidence/routes.json"
"§18","SRV-MFA-001","Privileged MFA (TOTP enroll/confirm, encrypted secret, hashed single-use recovery codes); mandatory for Super Admin/Merchant Admin/Finance; reusable fresh step-up; MFA checked after auth before tenant context","R3","mfa_credentials;mfa_recovery_codes","TotpProvider;RecoveryCodeManager;MfaRequirementResolver;MfaManager;MfaSession;MfaStatus;MfaAuditLogger;StepUpAction","GET api/v1/auth/mfa;POST api/v1/auth/mfa/(enroll|confirm|challenge|recovery-challenge|recovery-codes)","auth:sanctum;EnsurePrivilegedMfa;RequireFreshMfa;throttle:mfa-confirm/mfa-challenge","/auth/mfa/setup MfaSetup.vue;/auth/mfa/challenge MfaChallenge.vue","-","mfa.enrollment_started/enrollment_confirmed/challenge_succeeded/challenge_failed/recovery_code_used/recovery_codes_regenerated/step_up_succeeded/step_up_denied","MfaEnrollmentTest;MfaChallengeTest;MfaRecoveryCodeTest;PrivilegedMfaMiddlewareTest;MfaMiddlewareOrderTest;MfaStepUpTest;MfaAuditTest;MfaSecretRedactionTest;authStore.spec.ts;e2e/mfa.spec.ts","encrypted secret + hashed codes verified via psql; audit:verify-chain passes","implemented","docs/proof/phase-r3.md;docs/remediation/register.yaml#REM-MFA-001"
"§3.1/§11","SRV-TEN-001","Merchant self-registration only; no Super-Admin/KYC creation route","6","merchants;merchant_profiles;merchant_users;merchant_status_histories","RegisterMerchant","POST api/v1/merchant-registration/self-register","public;ThrottleRequests:registration","/register RegisterMerchant.vue","-","merchant_registered","MerchantSelfRegistrationTest;NoPlatformMerchantCreationTest","route:list shows no platform create","implemented","docs/verification/evidence/routes.json"
"§32","SRV-TEN-002","First-time setup (pending_setup -> active; >=1 branch; initial memberships)","6","merchants;merchant_branches;merchant_users","CompleteFirstTimeSetup","GET/POST api/v1/merchant-registration/first-time-setup","EnsureFirstTimeSetupAccess","/setup FirstTimeSetup.vue","-","merchant_activated","FirstTimeSetupTest;PendingSetupAccessTest","-","implemented","docs/proof/phase-6.md"
"§14","SRV-TEN-003","Tenant isolation: merchant global scope; foreign ULID 404 + audit","9","(all tenant tables)","BelongsToMerchant;MerchantScope;LogUnauthorizedAttempt","(scoped route binding)","tenant ownership","-","TenantAwareJob","unauthorized_access","CrossTenantAccessTest;RouteBindingTest;UnauthorizedAccessAuditTest;TenancyStaticAnalysisTest","-","implemented","docs/verification/evidence/security-results.md#4"
"§14/§7","SRV-TEN-004","Branch-owned tables carry merchant_id + branch_id with DB consistency (composite FK); tenant-owned history tables carry merchant_id; model trait + route-binding coverage","R5","branch_user_assignments;branch_operating_hours;branch_calendar_exceptions;branch_day_records;branch_cash_ups;staff_history;merchant_user_permission_overrides (+merchant_id); merchant_branches;staff_profiles;merchant_users (+UNIQUE(id,merchant_id))","TenantOwnership;BelongsToMerchant;BelongsToBranch;MerchantScope;BranchScope","(scoped route binding; no new routes)","tenant ownership; composite FK consistency","-","-","-","TenantColumnCoverageTest;TenantBackfillMigrationTest;TenantBranchConsistencyConstraintTest;ModelTenancyTraitCoverageTest;CrossTenantBranchOwnedModelTest;RouteBindingTenantSafetyTest;CrossBranchAccessTest;UnauthorizedAccessAuditTest;TenancyStaticAnalysisTest","psql \d composite FKs; backfill 0 nulls; mismatch rejected; PR #17 merged (66aaead), CI Backend/Frontend/Security passed, governance exception","verified_complete","docs/proof/phase-r5.md;docs/architecture/adr/0002-tenancy-enforcement-model.md;docs/remediation/register.yaml#REM-TEN-001"
"§15","SRV-BRANCH-001","Branch CRUD (admin create), operating hours, day open/close, closure guard","7","merchant_branches;branch_operating_hours;branch_day_records","BranchService;BranchClosureGuard","api/v1/branches*","EnsurePermission:branches.create/branch.profile.manage/day.open_close;EnsureBranchScope","/branches BranchList.vue","-","branch_* lifecycle","BranchCrudTest;BranchOperatingHoursTest;BranchDayLifecycleTest;BranchClosureGuardTest","-","implemented","docs/proof/phase-7.md"
"§15","SRV-BRANCH-002","Branch scope enforcement (foreign branch 404; missing assignment 403)","7-9","branch_user_assignments","EnsureBranchScope","api/v1/branches/{branch}*","no_branch_scope","-","-","unauthorized_access","CrossBranchAccessTest;BranchRouteBindingTest","-","implemented","docs/verification/evidence/security-results.md#4"
"§34","SRV-STAFF-001","Staff invitations (hashed 72h token, atomic accept, resend/revoke)","7","staff_invitations;staff_profiles;branch_user_assignments;staff_history","CreateStaffInvitation;AcceptStaffInvitation","api/v1/staff-invitations*","StaffInvitationPolicy","/staff StaffInvitations.vue","-","invitation_*","StaffInvitationTest;StaffInvitationAcceptTest;StaffInvitationResendRevokeTest;DuplicateActiveStaffTest","Mailpit invite link","implemented","docs/proof/phase-7.md"
"§34","SRV-STAFF-002","Staff lifecycle (activate/suspend/deactivate) revokes sessions/links/invitations","7","merchant_users;staff_profiles;sessions;magic_login_tokens","StaffLifecycleService","api/v1/staff/{staff}/(activate|suspend|deactivate)","StaffProfilePolicy","-","-","staff_* lifecycle","StaffLifecycleRevocationTest;StaffSuspensionTest","-","implemented","docs/verification/evidence/security-results.md#6"
"§19","SRV-PERM-001","Permission resolver (role defaults +/- overrides; deny beats grant; audit read-only)","8","permissions;roles;role_permission_assignments;merchant_user_permission_overrides","PermissionRegistry;PermissionResolver","api/v1/staff/{staff}/permissions;api/v1/hr/permission-preview","EnsurePermission;policies","/hr PermissionPreview.vue","-","permission_override_*","PermissionMatrixTest;PermissionMiddlewareTest;PermissionDeniedStillWorksTest;AuthorityBoundariesTest;HrSelfEscalationTest;PermissionOverrideAuditTest","-","implemented","docs/proof/phase-8.md"
"§19","SRV-PERM-002","Canonical permission matrix (full §19) + parity test","19","permissions;roles","(registry = 54x8 baseline)","-","-","-","-","-","permission-matrix parity (pending)","-","partially_implemented","docs/remediation/register.yaml#REM-PERM-001"
"§70","SRV-AUDIT-001","audit_logs append-only + per-merchant/platform hash chain (DB trigger blocks UPDATE/DELETE)","8/R2","audit_logs(+branch_id)","DatabaseAuditRecorder;AuditChainHasher","-","-","-","-","(chained)","AuditImmutabilityTest;AuditReadOnlyTest","UPDATE/DELETE blocked; runtime trigger proof","implemented","docs/proof/phase-r2.md;docs/architecture/adr/0008-audit-immutability-and-chain.md"
"§70","SRV-AUDIT-002","Core audit event coverage (auth/invitation/membership/branch/staff/override/unauthorized) + chain verifier + masked read API + policies","R2","audit_logs(+branch_id)","AuditEvent;AuthAuditLogger;DatabaseAuditRecorder;VerifyAuditChain;AuditValueMasker","Api/V1/Audit/AuditLogController;Platform/PlatformAuditLogController;audit:verify-chain","AuditLogPolicy;audit.view_full;platform.audit.view","-","-","(core events)","AuditEventCoverageTest;AuthAuditIntegrationTest;AuditChainVerificationTest;AuditMaskedReadTest;AuditBranchScopeTest;PlatformAuditPolicyTest","verify-chain exit 0; masked reads; branch/platform scope","implemented","docs/proof/phase-r2.md;docs/remediation/register.yaml#REM-AUD-001"
"§70","SRV-AUDIT-003","Full audit coverage (financial/billing/M-Pesa/compensation/SMS/file/export) + flagged-event workflow + exceptional unmasking","19","audit_flagged_events","-","-","-","-","-","(all events)","(pending)","-","not_implemented","docs/remediation/register.yaml#REM-AUD-001"
"§70","SRV-AUDIT-004","Scheduled chain verification + alerting on failure","25","-","-","-","-","-","scheduler","-","(pending)","-","not_implemented","docs/remediation/register.yaml#REM-AUD-001"
"§24","SRV-IDEMP-001","Corrected idempotency store + middleware (SHA-256 key hash; deterministic scope + canonical request hash; encrypted replay-safe responses; PostgreSQL unique+FOR UPDATE concurrency; active/expired-lock handling; stable-failure replay; pruning; provider dedupe seam; financial-route coverage)","R4","idempotency_keys","IdempotencyStore;CanonicalRequestHasher;IdempotencyScopeResolver;ReplayResponseSanitizer;ProviderReplayGuard;PruneIdempotencyKeys","EnsureIdempotentRequest (financial_mutation routes; no production routes yet — testing harness)","RouteClassification (route_class);auth:sanctum;ResolveTenantContext","-","schedule:work idempotency:prune daily","-","IdempotencySchemaTest;CanonicalRequestHashTest;IdempotentReplayTest;IdempotencyConflictTest;IdempotencyConcurrencyTest;ExpiredLockRecoveryTest;ReplayResponseSecurityTest;IdempotencyPruneTest;ProviderCallbackDedupeSeamTest;FinancialRouteIdempotencyCoverageTest","schema via psql \d; encrypted-at-rest + raw-key-absent verified","implemented","docs/proof/phase-r4.md;docs/architecture/adr/0003-idempotency-and-replay-protection.md;docs/remediation/register.yaml#REM-IDEMP-001"
"§10/§11","SRV-OPS-001","Money VO; error envelope; correlation IDs; rate limiters; redaction; health probes","3","-","Money;ApiErrorRenderer;CorrelationId;Redactor","GET health;GET health/deep","-","-","-","-","MoneyTest;ErrorEnvelopeTest;CorrelationIdTest;RateLimitersRegisteredTest;LogRedactionTest;DeepHealthTest","-","implemented","docs/proof/phase-3.md"
"§71","SRV-OPS-002","Liveness/readiness split; prod deps (database/redis/cache/s3) required in readiness with 503 + bounded timeouts + safe redaction; Redis/cache/rate-limit per-run/process isolation; PHP8.3/Node20/Composer2 parity; ADR-009 brand contrast","R7","-","HealthController;config/servana.php(health);tests/bootstrap.php(namespace)","GET health (liveness);GET health/deep (readiness 503)","-","-","prod nginx healthcheck=/health/deep","-","LivenessProbeTest;ReadinessProbeTest;ReadinessDependencyFailureTest;HealthResponseRedactionTest;ProductionReadinessConfigurationTest;RedisPrefixIsolationTest;CacheIsolationTest;RateLimitIsolationTest;ParallelTestIsolationTest;RuntimeParityTest;BrandContrastTokenTest","503 on each required-dep failure; 3x parallel stable; AA ratios measured; PR #19 merged (4f0d4f3), CI Backend/Frontend/Docker/Security SUCCESS, governance exception","verified_complete","docs/proof/phase-r7.md;docs/architecture/adr/0009-brand-contrast-tokens.md;docs/remediation/register.yaml#REM-OPS-001"
"§12/§28-30","SRV-UI-001","Frontend foundation: layouts, stores, apiClient, useForm, UI kit, breakpoints, dark tokens","4","-","-","-","-","8 role layouts; ui/Sv* components","-","-","vitest 72;e2e 27 (axe AA)","3 breakpoints no h-scroll","implemented","docs/verification/evidence/test-results.md"
"§1","SRV-DEP-001","Laravel 12.60+ (12.62.0) on PHP 8.3 pinned; advisory removed; CR/LF + signed-URL regression; ADR-001 + upgrade notes + R1 proof","R1","-","-","-","-","-","-","-","EmailHeaderInjectionTest(4);SignedUrlIntegrityTest(4);composer audit 0;pint;stan L8","PR #13 merged (8fe575f); CI Backend/Frontend/Security/Docker passed; solo-maintainer governance exception (reviewDecision blank, not independent approval)","verified_complete","docs/proof/phase-r1.md;docs/architecture/adr/0001-framework-upgrade.md;docs/operations/laravel-12-upgrade.md;docs/governance/solo-maintainer-review-exception-pr-13.md"
"§9/§17-19/§24","SRV-SESS-001","Session/token/Magic-Link/invitation revocation; per-request active-principal + membership/role/branch/permission freshness; mid-session suspension; 404/403 posture unchanged","R6","sessions;personal_access_tokens;magic_login_tokens;staff_invitations (revocation targets; no schema change)","AccessRevocationService(revokeForUser/Membership/Merchant);RevocationSummary;StaffLifecycleService;RequestMagicLink;TenantContextResolver;PermissionResolver","EnsureActivePrincipal (auth-group);POST api/v1/auth/logout","EnsureActivePrincipal;EnsureMerchantActive;EnsureBranchScope;EnsurePermission","apiClient 401 handler;main.ts (UX only)","-","membership.suspended/deactivated (+revocation counts);logout","SessionRevocationTest;AuthorizationFreshnessTest;MagicLinkRevocationTest;SanctumTokenRevocationTest;InvitationRevocationTest;PermissionFreshnessTest;BranchAssignmentFreshnessTest;RevocationMiddlewareOrderTest;MidSessionSuspensionTest;RevocationIsolationPostureTest","real DB-backed session 401 after suspension; multi-device revoke; audit chain verified; no secrets in logs; PR #18 merged (57ae8db), CI Backend/Frontend/Docker/Security SUCCESS, governance exception","verified_complete","docs/proof/phase-r6.md;docs/remediation/register.yaml#REM-SESS-001"
"§5.4","SRV-GATE-001","Pre-feature remediation gate (§5.4): all PRE_FEATURE_REMEDIATION items (Phase V + R1-R7) verified_complete; gate CLOSED and effective (gate-closure PR #20 merged 7ac20a5); Phase 10 started","gate","-","-","-","-","-","-","-","register 9/9 verified_complete; per-phase proofs phase-v..phase-r7; ADR-001/002/003/008/009","gate-closure PR #20 merged (7ac20a5, 2026-06-23), CI Backend/Frontend/Docker/Security SUCCESS, reviewDecision blank; solo-maintainer gate-closure governance exception (no independent approval); R7 = PR #19 (4f0d4f3)","verified_complete","docs/proof/pre-feature-remediation-gate-closure.md;docs/remediation/pre-feature-completion-report.md;docs/governance/solo-maintainer-pre-feature-gate-closure-exception.md"
"§23/§24","SRV-API-001","Route classification registry (8 classes incl. liveness_readiness) + RouteSecurityContractTest + pagination/filter/sort substrate (default 25/max 100) + resource can-maps + generated OpenAPI + TypeScript contract (REM-ROUTE-001)","10","-","RouteClass;RouteClassification;ApiPagination;HasCapabilities;OpenApiGenerator","every non-GET route declares one class; /api/v1 + /health in docs/api/openapi.json (43 ops)","class-required middleware (auth/tenant/branch/idempotency/permission)","resources/spa/src/types/generated/api.ts","-","-","RouteSecurityContractTest;ForbiddenRouteAbsenceTest;FinancialRouteIdempotencyCoverageTest;PaginationContractTest;FilterSortContractTest;ResourceCapabilityMapTest;OpenApiContractTest;OpenApiTypeParityTest","ALL-COMPLIANT registry scan; composer api:openapi 43 ops; npm run api:contract:check OK; deliberate classification + stale-contract violations shown failing then reverted; PR #21 merged 4f761ff, five-job CI SUCCESS (Backend/Frontend/Docker/Security/E2E—Playwright), governance exception (no independent approval)","verified_complete","docs/proof/phase-10.md;docs/api/openapi.json;docs/remediation/register.yaml#REM-ROUTE-001"
"§13/§8","SRV-MIG-001","Expand-and-contract migration strategy (ADR-004) + migration manifest inventory of all 33 migrations + lint (REM-MIG-001)","10","(all 33 migrations inventoried; none edited)","-","-","-","-","-","-","MigrationManifestTest","manifest lint green; no shipped migration edited; no new business migration created; PR #21 merged 4f761ff, five-job CI SUCCESS, governance exception (no independent approval)","verified_complete","docs/proof/phase-10.md;docs/architecture/adr/0004-migration-strategy.md;docs/architecture/migrations/manifest.yaml;docs/remediation/register.yaml#REM-MIG-001"
"§65/§73","SRV-FILE-001","Secure file & media foundation: uploaded_files/file_scan_events exact schema; FilePurposeRegistry; private quarantine upload pipeline (streaming SHA-256, magic-byte MIME, dangerous-file rejection); ClamAV INSTREAM scanning (real EICAR); clean-file finalization + image re-encode/metadata strip; signed authenticated private downloads with authorization rechecked at issue+download; tenant/branch/own-scope isolation; 5 jobs + file-scanning worker/schedules; audit + redaction; storage-boundary guard; SvFileUpload UI (REM-FILE-001)","10F","uploaded_files;file_scan_events","FileUploadPipeline;ClamAvScanner;ImageSanitizer;FileAccessService;FilePurposeRegistry;FileGenerationPolicy;ScanUploadedFile;FinalizeCleanFile;ExpireSignedExport;DeleteExpiredQuarantineFile;VerifyOrphanedFileRecords","POST/GET api/v1/files;POST api/v1/files/{id}/download-link;GET api/v1/files/{id}/download (signed+auth)","per-purpose permission (merchant.profile.manage/staff.edit) + own-scope + signed temporary URL","SvFileUpload.vue;useFileDownload.ts","file-scanning queue + worker;hourly expiry/quarantine-cleanup;daily orphan verify","file.upload_accepted/rejected;file.scan_clean/infected/failed;file.available;file.downloaded;file.access_denied;file.expired_or_deleted","FileSchemaTest;FilePurposeRegistryTest;FileUploadValidationTest;FileScanPipelineTest;ClamAvEicarIntegrationTest;FileDownloadAuthorizationTest;FileSignedUrlExpiryTest;FileJobIdempotencyTest;FileRetentionCleanupTest;FileStorageBoundaryTest;FileTenantIsolationTest;FileLogRedactionTest;FileRouteSecurityContractTest;FileMigrationManifestTest;FileBillingReadOnlySeamTest;SvFileUpload.spec;useFileDownload.spec","52 file backend tests + 3 real-ClamAV EICAR + 6 frontend pass; pint/stan clean; api:openapi deterministic; storage-boundary deliberate violation shown failing then removed; PR #22 merged 9b493e6, five-gate CI SUCCESS (Backend/Frontend/Docker/Security/E2E—Playwright) + genuine ClamAV EICAR without skipping, governance exception (no independent approval)","verified_complete","docs/proof/phase-10f.md;docs/architecture/data-dictionary/files-and-media.md;docs/remediation/register.yaml#REM-FILE-001"
"§26/§27","SRV-SCR-001","UI layout foundation + role navigation + role entry surfaces: canonical role mapping (no aliases); typed navigation registry + snapshot-enforced fixture (live→real routes, planned→owner phase, no dead links); eight role layouts (RoleShell→AppShell) with Super-Admin header nav exception + merchant-role sidebar/rail + mobile drawer (focus return); eight live landing pages (verbatim hero/images/FAQ/legal footer); eight guided get-started pages (verbatim Scope §3.2 checklists + mandatory non-prefilled legal acknowledgement); versioned localStorage persistence keyed by user ULID + role (ids/booleans/schema only); rendered verbatim legal routes (lazy per-document); state boundaries (loading/empty/error/no-permission/no-branch/unsupported-role); role-aware post-login routing; screen inventory (§27.3) + §27.1 specs for implemented + Phase-11 + access-state screens + coverage guard (REM-SCR-001 Phase 11 substrate)","11","-","roleNavigation registry;getStartedStore;roleContent/legalContent (?raw/import.meta.glob);markdown utils;RoleShell;AppShell;RoleLandingScaffold;GetStartedChecklist;LegalAcknowledgement;FaqAccordion;screen-spec generator","/platform,/merchant,/branch,/hr,/finance,/front-office,/personnel,/audit (landing + /get-started each); /legal/:role/:doc","PermissionGate UX-only visibility; backend remains the boundary; forbidden items proven absent (no SA merchant-create; no Personnel contact-export; audit read-only)","8 role layouts; landing + get-started pages per role; RoleNavigation; LegalAcknowledgement; FaqAccordion","-","(no new audit events in Phase 11)","roleNavigation.spec;roleEntryRoutes.spec;getStartedStore.spec;RoleNavigation.spec;GetStartedChecklist.spec;RoleLandingContent.spec;RoleLayouts.spec;screenInventory.spec;e2e role-entry-surfaces;role-navigation-keyboard;role-foundation-responsive;role-foundation-accessibility","133 vitest pass; e2e role-entry/keyboard/responsive(56)/accessibility(32 light+dark) pass; typecheck/lint(0 errors)/build OK; 44 §27.1 specs + inventory + nav fixture generated; PR #23 MERGED (merge d098f37, final CI run 28314638091; solo-maintainer governance exception, no independent approval)","verified_complete","docs/proof/phase-11.md;docs/frontend/screens/inventory.json;docs/frontend/navigation/role-navigation.yaml;docs/remediation/register.yaml#REM-SCR-001"
"§13.7/§35/§39","SRV-CAT-CLI-001","Phase 15A: branch-owned service_categories/services/service_personnel_eligibility/clients/client_consents (composite-FK tenant/branch consistency, partial-unique branch category name + same-branch active client phone via HMAC blind index, CHECK enums, integer minor-unit money, legacy non-editable preferred_personnel_fee_minor seam); encrypted+masked client contact + keyed HMAC blind index (never plaintext/logged/returned); canonical §19.2/19.3 permission activation; Form Request→Policy→action→masked Resource API (catalogue CRUD+archive, eligibility assign/revoke, client CRUD, name+phone search, SMS consent); 12 typed audit events; Branch Manager catalogue + HR eligibility + Front Office client screens.","15A","service_categories;services;service_personnel_eligibility;clients;client_consents","CreateService/UpdateService/ArchiveService;CreateServiceCategory/UpdateServiceCategory;AssignEligibility/RevokeEligibility;CreateClient/UpdateClient/ChangeClientConsent;PhoneNumberNormalizer;ClientContactIndex","ServiceController;ServiceCategoryController;ServiceEligibilityController;ClientController;ClientConsentController (/api/v1, 16 routes)","Branch Manager service.view/create/update/archive (ServicePolicy); HR personnel.eligibility.manage; Front Office client.view/create/update + front_office.search; branch_mutation + EnsurePermission + EnsureBranchScope; REM-PERM-001 stays open (Phase 19)","branch/ServiceCatalogue.vue;hr/ServiceEligibility.vue;front-office/{ClientList,ClientCreate,ClientDetail}.vue;catalogueStore;clientStore","-","service(_category).created/updated/archived;personnel_eligibility.assigned/revoked;client.created/updated;client_consent.opted_in/out","ServiceCatalogueTest(9);ServiceEligibilityTest(6);ClientRecordsTest(8);ClientContactProtectionTest(7);PermissionMatrixTest;RouteSecurityContract;vitest ServiceCatalogue/ClientList/ClientCreate;Playwright catalogue-clients(5)","backend 573 pass/0 fail; vitest 142; Playwright 15A 5 (masked/duplicate/360px/axe); Pint+Larastan L8+vue-tsc+ESLint(0)+build+OpenAPI-deterministic+composer/npm audit+gitleaks clean; PR #24 MERGED 81a5866 (final head 1fcfa40), CI run 28338582235 five required checks (Backend/Frontend/Docker/Security/E2E—Playwright) all SUCCESS, governance exception (no independent approval)","verified_complete","docs/proof/phase-15a.md;docs/architecture/data-dictionary/services-clients-scheduling.md;docs/remediation/register.yaml#REM-CAT-CLI-001"
"§13.7/§19.3/§80","SRV-AVAIL-001","Phase 15B: branch-owned personnel_availability (recurring weekday + date-specific exception rows; half-open [start,end) Africa/Nairobi; CHECK type/polarity/weekday/start<end; GiST btree_gist same-polarity exclusion; composite-FK tenant/branch consistency); single deterministic AvailabilityResolver (exception>recurring, unavailable>available, derived suspended/available/on_break/unavailable/offline); reusable PersonnelSchedulingValidator (tenant/branch/lifecycle/active-assignment/service-status/eligibility/availability/interval) directly tested with no appointment record; canonical personnel.availability.manage (HR, reconciled from legacy availability.manage) + branch.dashboard.view (Branch Manager read); atomic HR replace + emergency-unavailable; HR availability screen + Branch Manager read-only schedule; redacted audit.","15B","personnel_availability","ReplaceAvailability;EmergencyUnavailable;AvailabilityResolver;PersonnelSchedulingValidator;ScheduleNormalizer;TimeInterval","StaffAvailabilityController (/api/v1, 3 routes: staff.availability.show/update/emergency-unavailable)","HR personnel.availability.manage (PersonnelAvailabilityPolicy, same-branch); Branch Manager branch.dashboard.view read; branch_mutation + EnsurePermission + EnsureBranchScope; Merchant Admin/Front Office/Finance/Personnel/Audit denied; REM-PERM-001 stays open (Phase 19)","hr/PersonnelAvailability.vue;branch/PersonnelSchedule.vue;availabilityStore","-","personnel_availability.updated;personnel_availability.emergency_unavailable","PersonnelAvailabilitySchemaTest(16);AvailabilityResolverTest(16);PersonnelSchedulingValidatorTest(11);PersonnelAvailabilityApiTest(18);PermissionMatrixTest;AuthorityBoundariesTest;RouteSecurityContract;OpenApiContract/Parity;vitest PersonnelAvailability(12)/PersonnelSchedule(3);Playwright personnel-availability","backend 635 pass/0 fail/4 skip; vitest 157; Pint+Larastan L8+vue-tsc+ESLint(0)+build+OpenAPI-deterministic clean; Playwright Linux-CI authoritative (local Windows not claimed); merged PR #25 (squash 02f4dc5), final CI run 28359652332 all SUCCESS","verified_complete","docs/proof/phase-15b.md;docs/architecture/data-dictionary/services-clients-scheduling.md"
"§13.7/§19.3/§25.2/§36/§80","SRV-APPT-001","Phase 16A: branch-owned appointments (ulid public ref; starts_at/ends_at timestamptz; service-duration snapshot end-time; seven-state machine scheduled/confirmed/checked_in/rescheduled/cancelled/cancelled_with_reason/no_show with §25.2 transitions; status CHECK + timestamp/status coherence; btree_gist tstzrange EXCLUDE preventing overlapping active appointments per assigned personnel → 409 appointment_schedule_conflict; composite-FK tenant/branch consistency to client/service/both personnel); AppointmentBranchScheduleValidator (branch active + operating hours + calendar exceptions + no closed-period crossing + single business date; same-day check-in requires open Branch Day → 409 branch_day_not_open); mandatory reuse of Phase 15B PersonnelSchedulingValidator on create-with-assignment/assign/transfer/assigned-reschedule (no duplication); BranchClosureGuard archival + day-close appointment blockers flipped on; canonical appointment.view/create/reschedule/cancel/check_in/assign/transfer (Front Office, reconciled from legacy appointments.manage) + personnel.my_appointments.view (Personnel own-scope); no-show via appointment.cancel (no new key); Branch Manager read-only via branch.dashboard.view; masked client contact; no walk-in/queue/session/invoice/payment/notification/preferred-fee.","16A","appointments","CreateAppointment;AssignAppointment;TransferAppointment;RescheduleAppointment;CancelAppointment;CheckInAppointment;MarkAppointmentNoShow;AppointmentStateMachine;AppointmentBranchScheduleValidator;PersonnelSchedulingValidator;MapsScheduleConflict","AppointmentController (/api/v1, 9 routes: appointments.index/store/show/assign/transfer/reschedule/cancel/check-in/no-show); PersonnelAppointmentController (/api/v1/personnel/me/appointments)","Front Office appointment.* (AppointmentPolicy, branch_mutation + EnsurePermission + EnsureBranchScope); Branch Manager branch.dashboard.view read-only; Personnel personnel.my_appointments.view own-scope; HR/Merchant Admin/Finance/Audit/Super Admin denied; REM-PERM-001 stays open (Phase 19)","front-office/AppointmentList.vue;front-office/AppointmentCreate.vue;front-office/AppointmentDetail.vue;branch/AppointmentsReadOnly.vue;personnel/MyAppointments.vue;appointmentStore","-","appointment.created;appointment.assigned;appointment.transferred;appointment.rescheduled;appointment.checked_in;appointment.cancelled;appointment.no_show","AppointmentSchemaTest(12);AppointmentStateMachineTest(5);AppointmentConflictTest(7);AppointmentSchedulingTest(11);AppointmentApiTest(16);AppointmentBranchClosureTest(7);AppointmentAuditTest(6);PermissionMatrixTest;RouteSecurityContract;OpenApiContract/Parity;vitest AppointmentList(3)/AppointmentDetail(2);Playwright appointments","appointment group 62 pass; full backend 695 pass/0 fail/4 skip; Pint+Larastan L8+vue-tsc+ESLint(0)+vitest 162+build+OpenAPI-deterministic+TS parity clean; migrate:fresh --seed green; Playwright Linux-CI authoritative (local Windows not claimed); merged PR #26 (squash 404fed9; impl e62da20, CI remediation ce04c73, final head 794ff85), final CI run 28378639377 five required checks (Backend/Frontend/Docker/Security/E2E—Playwright) all SUCCESS; governance exception reviewDecision blank (not independent approval); REM-PERM-001 stays open (Phase 19)","verified_complete","docs/proof/phase-16a.md;docs/architecture/data-dictionary/services-clients-scheduling.md;docs/architecture/state-machines/appointment.md"
"§13.7/§19/§25.2/§37/§69/§80","SRV-QUEUE-001","Phase 16B: branch-owned walk_ins + queue_entries (ulid public ref; source-XOR walk_in_id/appointment_id with per-source UNIQUE; eight-state Queue Entry machine waiting/assigned/called/in_service/completed/transferred/cancelled/no_show with §25.2 transitions; status CHECK + status/timestamp coherence + required reasons + wait-override pairing; position>0; partial-unique (branch_id,position) WHERE status in waiting/assigned/called; composite-FK tenant/branch consistency to walk-in/appointment/client/service + four staff-profile columns); pg_advisory_xact_lock(merchant,branch) position integrity; QueueCapacityGuard (branch active + Branch Day open + effective queue open + capacity) → 409 branch_day_not_open/queue_closed/queue_capacity_reached; atomic CreateWalkInAndQueueEntry (reuses Phase 15A CreateClient — no duplicated contact/blind-index/masking) + ConvertAppointmentToQueue (checked_in→queued, one entry per appointment → 409 queue_conversion_exists); deterministic NextAvailablePersonnelSelector (load, last assignment, ULID) + QueueWaitEstimator (ceil(work-ahead/available), labelled Estimate) reusing Phase 15B services; appointment checked_in→queued forward-only expand (enum+CHECK+checked_in_at CHECK widen); BranchClosureGuard archival + day-close active-queue blockers flipped on; canonical FO queue.view/create/assign/transfer/reorder + preferred_personnel.select (reconciled from legacy queue.operate/transfer_entries/configure) + Personnel personnel.my_queue.view own-scope; BM read-only via branch.dashboard.view + config via branch.profile.manage+day.open_close (no operational queue key); masked client contact; no service-session/invoice/payment/preferred-fee/notification.","16B","walk_ins;queue_entries;branch_day_records(queue fields);appointments(queued)","CreateWalkInAndQueueEntry;ConvertAppointmentToQueue;AssignQueueEntry;CallQueueEntry;StartQueueEntry;CompleteQueueEntry;TransferQueueEntry;ReorderQueueEntries;CancelQueueEntry;MarkQueueEntryNoShow;UpdateQueueConfiguration;QueueEntryStateMachine;QueuePositionService;QueueCapacityGuard;QueueWaitEstimator;NextAvailablePersonnelSelector;QueuePersonnelAssignmentValidator;QueueAssignmentResolver","QueueController (/api/v1, 12 routes: queue.index/show/walk-ins.store/appointments.queue.store/assign/call/start/complete/transfer/cancel/no-show/reorder); QueueConfigurationController (queue.configuration.show/update); PersonnelQueueController (/api/v1/personnel/me/queue)","Front Office queue.* (QueueEntryPolicy, branch_mutation + EnsurePermission + EnsureBranchScope); Branch Manager branch.dashboard.view read + branch.profile.manage+day.open_close config; Personnel personnel.my_queue.view own-scope; HR/Merchant Admin/Finance/Audit/Super Admin denied; REM-PERM-001 stays open (Phase 19)","front-office/QueueBoard.vue;front-office/WalkInCreate.vue;front-office/QueueEntryDetail.vue;branch/QueueReadOnly.vue;branch/QueueConfiguration.vue;personnel/MyQueue.vue;queueStore","-","queue.configuration.updated;walk_in.created;queue_entry.created;queue_entry.assigned;queue_entry.called;queue_entry.started;queue_entry.completed;queue_entry.transferred;queue_entry.reordered;queue_entry.cancelled;queue_entry.no_show;queue_entry.wait_estimate_overridden;appointment.queued","QueueSchemaTest(11);QueueEntryStateMachineTest(6);QueuePositionTest(6);QueueWaitEstimatorTest(5);QueueAssignmentTest(6);QueueBranchClosureTest(9);QueueAuditTest(6);QueueApiTest(17);PermissionMatrixTest;RouteSecurityContract;AuditEventCoverage;OpenApiContract/Parity;vitest QueueBoard(4)/WalkInCreate(1)/QueueConfiguration(2)/MyQueue(2);Playwright queue","queue group 62 pass; full backend 759 pass/0 fail/4 skip; Pint+Larastan L8+vue-tsc+ESLint(0)+vitest 171+build+OpenAPI-deterministic(91 routes)+TS parity clean; migrate:fresh --seed green; composer audit clean; npm audit 0 high/critical; Playwright Linux-CI authoritative (local Windows not claimed); PR #27 MERGED (squash af79b56; original implementation 6a9fbcc, head 6272f080); initial CI run 28420643751 FAILED Backend (8 failed/4 skipped/751 passed: Call to undefined function createWalkIn() — file-local Pest helper not reliably visible to independent parallel workers), corrected by moving createWalkIn() to tests/Pest.php (helper relocation, parallel execution preserved); final CI run 28425875550 five required checks (Backend/Frontend/Docker/Security/E2E—Playwright) all SUCCESS; governance exception reviewDecision blank (not independent approval); REM-PERM-001 stays open (Phase 19)","verified_complete","docs/proof/phase-16b.md;docs/architecture/data-dictionary/services-clients-scheduling.md;docs/architecture/state-machines/queue-entry.md;docs/architecture/state-machines/appointment.md"
"§13.7/§19/§25.2/§80","SRV-SESSION-001","Phase 16C: branch-owned service_sessions (ulid public ref; session source = queue entry via queue_entry_id, NO appointment_id — appointment provenance via queue_entries.appointment_id [Gate A]; immutable service_id snapshotted from the locked source [Gate B]; four-state machine pending/in_progress/completed/cancelled with §25.2 transitions; status CHECK + status/timestamp coherence; partial-unique (staff_profile_id) WHERE status in pending/in_progress duplicate-active protection → 409 duplicate_active_service_session; UNIQUE queue_entry_id one session per source; composite-FK tenant/branch/source/client/service/personnel consistency); transactional queue↔session coupling (StartQueueEntry called→in_service creates+starts one session; CompleteQueueEntry in_service→completed completes both + non-payable preview) reusing 16B QueuePersonnelAssignmentValidator → 15B PersonnelSchedulingValidator (no duplication); preferred-personnel execution enforcement (honoured/overridden evidence, never bypasses eligibility, NO fee); typed non-payable CommissionPreviewResult [Gate D: not_configured, never earned/payable/zero/ledger]; cancellation pending-only with in-progress queue-linked abort deferred [Gate C: no in_service→cancelled on the Queue Entry machine]; BranchClosureGuard in-progress-session blocker; PersonnelStateProjector live busy projection; canonical service_session.view/start/complete/cancel (Front Office, reconciled from legacy sessions.manage) + personnel.my_sessions.view (Personnel own-scope); Branch Manager session grant removed; masked client contact; no invoice/payment/receipt/commission ledger/preferred-fee.","16C","service_sessions","ServiceSession;ServiceSessionFactory;ServiceSessionStatus;ServiceSessionStateMachine;DuplicateActiveSessionGuard;PreferredPersonnelExecutionValidator;CommissionPreviewService;CommissionPreviewResult;StartQueueEntry;CompleteQueueEntry;CancelServiceSession;UpdateServiceNotes;PersonnelStateProjector","ServiceSessionController (/api/v1: service-sessions.index/show/cancel/notes); PersonnelServiceSessionController (/api/v1/personnel/me/sessions); QueueController start/complete orchestration","Front Office service_session.view/start/complete/cancel (ServiceSessionPolicy, branch_mutation + EnsurePermission + EnsureBranchScope); Personnel personnel.my_sessions.view own-scope; Branch Manager/Merchant Admin/HR/Finance/Audit/Super Admin denied; REM-PERM-001 stays open (Phase 19)","front-office/ServiceSessionList.vue;personnel/MyServiceSessions.vue;serviceSessionStore","-","service_session.started;service_session.completed;service_session.cancelled","ServiceSessionSchemaTest(13);ServiceSessionStateMachineTest(22);ServiceSessionCouplingTest(8);ServiceSessionApiTest(10);ServiceSessionBranchClosureTest(5);ServiceSessionAuditTest(4);QueueApiTest;PermissionMatrixTest;RouteSecurityContract;OpenApiContract/Parity;ForbiddenRouteAbsence;vitest ServiceSessionList(4)/MyServiceSessions(3)/serviceSession util(5);Playwright service-session","service-session group 56 pass; full backend 812 pass/7 skip/0 fail; Pint+Larastan L8+vue-tsc+ESLint(0)+vitest 183+build+OpenAPI-deterministic(96)+TS parity+composer/npm audit+gitleaks clean; migrate:fresh --seed green on PG16; Playwright Linux-CI authoritative (local Windows not claimed); PR #28 MERGED (squash ffe37cc; implementation 1d2aee5; remediations 81506da+ac5751a; final head 79746bb); initial CI run 28445709595 FAILED E2E (ambiguous Playwright My-sessions text locators -> multiple elements; accessibility + own-scope cases failed with no backend/business-rule/accessibility-gate relaxation), remediated 81506da; second CI run 28446579933 FAILED E2E (Personnel read-only assertion counted every page button rather than the session workflow controls), remediated ac5751a; corrected CI run 28448569188 SUCCESS; final CI run 28449140384 five required checks (Backend/Frontend/Docker/Security/E2E—Playwright) all SUCCESS; governance exception reviewDecision blank (not independent approval); REM-PERM-001 stays open (Phase 19)","verified_complete","docs/proof/phase-16c.md;docs/architecture/data-dictionary/services-clients-scheduling.md;docs/architecture/state-machines/service-session.md"
"§13.8/§19.3/§25.3/§40/§80","SRV-INVOICE-001","Phase 17: branch-owned invoices + invoice_items and tenant-owned gap-free invoice_number_sequences (ulid public ref; nine-state Merchant-Client Invoice machine draft/issued/partially_paid/paid/void_pending/voided/adjusted/refund_pending/adjustment_required with §25.3 transitions → 422 invalid_state_transition; status + uppercase-ISO currency + non-negative money + validated_paid<=total + total-arithmetic + draft/finalization + void/adjust coherence CHECKs; partial UNIQUE(merchant_id,invoice_number); UNIQUE(id,merchant_id); composite-FK tenant/branch/client/session/service/personnel consistency); Gate A invoice_items.service_session_id NOT NULL composite FK to service_sessions(id,merchant_id), only completed sessions invoiceable, multi-session invoices, UNIQUE(service_session_id) prevents duplicate invoicing; Gate B additive non-destructive void/adjust via invoices columns (previous_status/voided_*/adjusted_*/adjustment_of_invoice_id), snapshots+number never mutated, paid→refund_pending|adjustment_required defined+tested Phase-18B-driven; Gate C FinancialPeriodGuard+PeriodLockRepository contract (UnlockedPeriodLockRepository binding) → 423 financial_period_locked; Gate D PreferredPersonnelFeeResolver legacy services.preferred_personnel_fee_minor when honoured else none, immutable snapshot; Gate E percentage_fee_config_snapshot null until 20E; Gate F tax/discount default 0 deferred; deterministic FinalizeInvoice (row-locked gap-free {branch.code}-INV-{padded} allocation only at finalization, price/preferred-fee/percentage snapshots, financial_mutation idempotency); permission reconciliation from legacy placeholder invoices.* (which mis-granted invoice creation to Branch Manager+Merchant Admin, violating §10.2) to canonical invoice.view/create/void.request_or_execute_as_policy/adjustment.manage; masked client contact; no payment/receipt/commission ledger/preferred-fee rule/percentage-fee ledger.","17","invoice_number_sequences;invoices;invoice_items","InvoiceStatus;InvoiceStateMachine;InvoiceTotalsCalculator;InvoiceNumberAllocator;InvoiceDraftComposer;LegacyPreferredPersonnelFeeResolver;PreferredPersonnelFeeResolution;InvoiceTotals;FinancialPeriodGuard;PeriodLockRepository;UnlockedPeriodLockRepository;CreateInvoiceDraft;UpdateInvoiceDraft;FinalizeInvoice;RequestInvoiceVoid;ExecuteInvoiceVoid;RejectInvoiceVoid;AdjustInvoice;Invoice;InvoiceItem;InvoiceNumberSequence","InvoiceController (/api/v1: invoices.index/store/show/update/finalize); InvoiceVoidController (invoices.void/void.execute/void.reject); InvoiceAdjustmentController (invoices.adjust)","Front Office invoice.view/create (InvoicePolicy, branch_mutation/financial_mutation + EnsurePermission + EnsureBranchScope + idempotency on finalize); Finance invoice.view/void.request_or_execute_as_policy/adjustment.manage (MFA + StepUpAction::InvoiceVoid step-up on void); Branch Manager/Merchant Admin/HR/Personnel/Audit/Super Admin denied (no invoice key); REM-PERM-001 stays open (Phase 19)","invoicing/InvoiceList.vue;invoicing/InvoiceCreate.vue;invoicing/InvoiceDetail.vue;invoiceStore;front-office+finance invoices routes;get-started create-an-invoice deep-link","-","invoice.created;invoice.updated_draft;invoice.finalized;invoice.void_requested;invoice.voided;invoice.void_rejected;invoice.adjusted","InvoiceStateMachineTest(unit);InvoiceTotalsCalculatorTest(unit);FinalizeInvoiceTest(9);InvoiceApiTest(15);InvoiceSchemaTest(10);InvoiceCorrectionTest(6);PermissionMatrixTest;RouteSecurityContract;FinancialRouteIdempotencyCoverage;OpenApiContract/Parity;vitest invoice util(2)/InvoiceDetail(6);Playwright invoice","invoicing group 80 pass (unit 40 + finalize 9 + api 15 + schema 10 + correction 6); full backend suite green; Pint+Larastan L8+vue-tsc+ESLint(0 errors)+vitest 191+build+OpenAPI-deterministic(105 routes)+TS parity+composer/npm audit+gitleaks clean; migrate:fresh --seed green on PG16; Playwright Linux-CI authoritative (local Windows not claimed); PR #29 MERGED (squash 6557469; implementation c0fdd83, initial CI run 28516753439 five required checks Backend/Frontend/Docker/Security/E2E—Playwright all SUCCESS; governance/final head 3c4e309, final CI run 28517236474 same five required checks all SUCCESS); governance exception reviewDecision blank (not independent approval); REM-PERM-001 stays open (Phase 19)","verified_complete","docs/proof/phase-17.md;docs/architecture/data-dictionary/invoicing-and-payments.md;docs/architecture/state-machines/invoice.md"
"§13.8/§13.15/§19.3/§25/§41/§80","SRV-PAYMENT-001","Phase 18A: branch-owned payment_recording_groups + payment_records + payment_allocations + payment_reference_checks (ulid public ref; group 7-state machine draft/recorded/pending_validation/validated/rejected/correction_required/reversed reaching only recorded->pending_validation in 18A; component 6-state pending_validation default; method CHECK 7 cash/mpesa_offline/bank_transfer/card_terminal/voucher/split_payment/other with split_payment never a component method [Gate B]; amount>0; uppercase-ISO currency; method/reference coherence CHECK; reference_normalized hidden + reference_display_encrypted; Gate C durable duplicate detection via PARTIAL UNIQUE (merchant_id,method,reference_normalized) WHERE result=unique AND reference_normalized IS NOT NULL; matched/override coherence CHECKs; composite-FK tenant/branch/invoice/group consistency; UNIQUE(id,merchant_id) targets); Gate A record only vs issued/partially_paid invoice; PaymentRecordingComposer atomic under invoice FOR UPDATE lock (state, currency, group total = sum components, overpayment vs (total-validated_paid)-active_pending, per-method evidence, durable duplicate, allocations, pending_validation, audit); PaymentReferenceDuplicateChecker savepoint-guarded reservation returning a committed 409 hold; ApproveDuplicatePaymentReference (Finance override, permission + MFA + fresh step-up + mandatory reason + maker!=checker, original reference preserved); RecordCustomerPaymentException (Finance maker exception distinct capability); NotifyFinanceOfRecordedPayment masked mail seam (no Phase 21N table); permission reconciliation from legacy payments.record/validate/reject/edit_reference/override_duplicate to canonical customer_payment.record (Front Office) + customer_payment.view/duplicate_override/record_exception (Finance); reuse FinancialPeriodGuard/PeriodLockRepository (423) + financial_mutation billing/idempotency; NO validation/receipt/refund/cash-up/period-lock persistence/commission; invoice validated_paid_minor and status never changed.","18A","payment_recording_groups;payment_records;payment_allocations;payment_reference_checks","PaymentMethod;PaymentRecordingGroupStatus;PaymentRecordStatus;PaymentReferenceCheckResult;PaymentRecordingGroup;PaymentRecord;PaymentAllocation;PaymentReferenceCheck;PaymentReferenceNormalizer;PaymentMethodReferenceValidator;PaymentGroupTotalsValidator;PaymentPendingBalanceCalculator;PaymentReferenceDuplicateChecker;PaymentRecordingGroupStateMachine;PaymentMakerCheckerGuard;PaymentRecordingComposer;NotifyFinanceOfRecordedPayment;RecordCustomerPaymentGroup;RecordCustomerPaymentException;ApproveDuplicatePaymentReference","PaymentRecordingGroupController (/api/v1: payment-recording-groups.store/exception/index/show); PaymentReferenceCheckController (payment-reference-checks.override)","Front Office customer_payment.record (PaymentRecordingGroupPolicy, financial_mutation + EnsurePermission + EnsureBranchScope + idempotency); Finance customer_payment.view + customer_payment.duplicate_override (RequireFreshMfa:payment_duplicate_override) + customer_payment.record_exception; Branch Manager/Merchant Admin/HR/Personnel/Audit/Super Admin denied; REM-PERM-001 stays open (Phase 19)","payments/RecordPaymentEntry.vue;payments/RecordPayment.vue;payments/PaymentGroupList.vue;payments/PaymentGroupDetail.vue;paymentStore;front-office.payments+finance.payment-records routes;get-started record-a-payment deep-link","-","customer_payment.recorded;customer_payment.recorded_exception;customer_payment.duplicate_suspected;customer_payment.duplicate_override_approved","PaymentRecordingSchemaTest(14);PaymentRecordingApiTest(29);PaymentDuplicateReferenceTest(10);PaymentAuditTest(5);PaymentNotificationTest(4);PermissionMatrixTest;RouteSecurityContract;FinancialRouteIdempotencyCoverage;AuditEventCoverage;OpenApiContract/Parity;vitest RecordPayment(6);Playwright payment","payment group 62 pass; full parallel suite 952 pass/7 skip/0 fail; Pint+Larastan L8(544 files, no errors)+OpenAPI-deterministic(110 routes)+TS parity+vitest 196+build clean; migrate PG16; Playwright Linux-CI authoritative (local Windows not claimed); no PR/CI yet","local_complete","docs/proof/phase-18a.md;docs/architecture/data-dictionary/invoicing-and-payments.md;docs/architecture/state-machines/payment-recording-group.md"
